lamT,lamD0omega0,lamD0omega60,lamD1omega0,lamD1omega60
0.5,0.792135511505672,0.759033470692048,0.770727600575696,0.738523326203041
0.51,0.798564548205881,0.765795164800026,0.777382751030408,0.745445012395999
0.52,0.804794741355698,0.772367120908534,0.78384472067624,0.752183471002885
0.53,0.810832240983406,0.778754663202292,0.79011911702352,0.758743552337245
0.54,0.816683006903181,0.784962966465567,0.796211384811896,0.765129978317431
0.55,0.822352814598225,0.790997060274457,0.80212681073512,0.771347345865415
0.56,0.827847260921932,0.796861833071537,0.80787052802869,0.777400130215637
0.57,0.833171769622727,0.80256203612617,0.813447520924321,0.783292688136261
0.58,0.838331596698028,0.808102287383683,0.818862628975119,0.789029261065153
0.59,0.843331835582607,0.813487075206534,0.824120551255204,0.794613978162852
0.6,0.848177422176497,0.818720762010504,0.829225850437433,0.800050859284725
0.61,0.852873139717372,0.823807587798851,0.834182956752751,0.805343817874436
0.62,0.857423623502241,0.828751673597292,0.838996171834623,0.810496663780831
0.63,0.861833365463105,0.833557024792595,0.843669672451862,0.815513106000247
0.64,0.866106718601086,0.838227534377501,0.84820751413311,0.820396755346236
0.65,0.870247901283421,0.842766986104569,0.85261363468611,0.825151127048607
0.66,0.874261001407548,0.847179057551544,0.856891857614818,0.829779643283679
0.67,0.878149980436404,0.851467323100693,0.861045895437336,0.834285635637546
0.68,0.88191867730892,0.855635256834546,0.865079352907517,0.838672347504139
0.69,0.885570812229556,0.85968623535038,0.868995730143077,0.842942936419807
0.7,0.889109990340642,0.863623540495722,0.87279842566289,0.847100476336096
0.71,0.892539705281134,0.867450362027099,0.876490739336125,0.851147959832372
0.72,0.895863342635293,0.871169800194176,0.880075875245778,0.85508830026986
0.73,0.899084183274713,0.87478486825138,0.883556944469083,0.858924333888671
0.74,0.902205406596975,0.878298494899055,0.886936967777211,0.86265882184932
0.75,0.905230093664132,0.881713526656107,0.890218878256615,0.866294452220189
0.76,0.908161230244132,0.885032730166071,0.89340552385427,0.869833841912395
0.77,0.911001709758163,0.888258794438478,0.896499669849045,0.873279538563428
0.78,0.913754336136844,0.891394333027317,0.899504001251327,0.876634022370928
0.79,0.916421826588083,0.894441886148371,0.902421125133,0.879899707877922
0.8,0.919006814279313,0.897403922737144,0.905253572889782,0.883078945710805
0.81,0.921511850936786,0.900282842449032,0.908003802437902,0.886174024271304
0.82,0.923939409364462,0.903080977603375,0.910674200347003,0.889187171383666
0.83,0.926291885884994,0.905800595072956,0.913267083911143,0.892120555898232
0.84,0.928571602705222,0.908443898120477,0.915784703159673,0.89497628925257
0.85,0.930780810208493,0.911013028183503,0.918229242809748,0.897756426991273
0.86,0.932921689176093,0.913510066609323,0.920602824162163,0.90046297024554
0.87,0.934996352939965,0.915937036341122,0.922907506942152,0.903097867173571
0.88,0.937006849468851,0.918295903556846,0.925145291086764,0.905663014362852
0.89,0.938955163389906,0.920588579262073,0.927318118480346,0.908160258195306
0.9,0.940843217947793,0.922816920838191,0.929427874639654,0.91059139617631
0.91,0.942672876903177,0.92498273354713,0.931476390350055,0.912958178228535
0.92,0.944445946372506,0.927087771993871,0.933465443254223,0.91526230795153
0.93,0.946164176610887,0.929133741547918,0.935396759394729,0.917505443847967
0.94,0.947829263739822,0.931122299724882,0.937272014711852,0.919689200517425
0.95,0.949442851421504,0.933055057529291,0.939092836497911,0.921815149818568
0.96,0.951006532481331,0.934933580759729,0.940860804809378,0.923884822000568
0.97,0.952521850480233,0.936759391277346,0.942577453838011,0.925899706804565
0.98,0.953990301238376,0.938533968238773,0.94424427324218,0.927861254535982
0.99,0.955413334311734,0.940258749294442,0.945862709439545,0.929770877108446
1,0.956792354422991,0.94193513175328,0.947434166862222,0.931629949060079
1.01,0.958128722848192,0.943564473714721,0.948960009175504,0.933439808542879
1.02,0.959423758760499,0.945148095168953,0.950441560461211,0.935201758285927
1.03,0.960678740532397,0.946687279066288,0.951880106366691,0.936917066533073
1.04,0.961894906997611,0.94818327235653,0.953276895220467,0.938586967955822
1.05,0.963073458674003,0.949637286999177,0.954633139115502,0.940212664542042
1.06,0.96421555894864,0.951050500945269,0.955950014961013,0.941795326461149
1.07,0.965322335226214,0.952424059091695,0.957228665503767,0.943336092906389
1.08,0.966394880041941,0.953759074208711,0.958470200319715,0.94483607291483
1.09,0.967434252140033,0.955056627841443,0.959675696776857,0.946296346165633
1.1,0.968441477518827,0.956317771186081,0.960846200970145,0.94771796375721
1.11,0.969417550443575,0.957543525941493,0.96198272862926,0.949101948963792
1.12,0.970363434427919,0.958734885136944,0.963086266000026,0.950449297971985
1.13,0.971280063185005,0.959892813936582,0.964157770700251,0.951760980597812
1.14,0.972168341549188,0.961018250421356,0.965198172550718,0.953037940984792
1.15,0.973029146369213,0.962112106348989,0.966208374382057,0.954281098283523
1.16,0.973863327373791,0.963175267892625,0.967189252818194,0.955491347313285
1.17,0.974671708010389,0.964208596358755,0.968141659037062,0.956669559206128
1.18,0.975455086258085,0.965212928884987,0.969066419509227,0.957816582033911
1.19,0.976214235415275,0.966189079118248,0.969964336715074,0.958933241418733
1.2,0.976949904863026,0.967137837873948,0.970836189841182,0.960020341127223
1.21,0.977662820804813,0.968059973776645,0.971682735456472,0.961078663649077
1.22,0.978353686983376,0.968956233882741,0.97250470816874,0.962108970760299
1.23,0.979023185375411,0.969827344285697,0.973302821262129,0.963112004071519
1.24,0.979671976864769,0.970674010704271,0.974077767316094,0.964088485561804
1.25,0.980300701894839,0.971496919054244,0.974830218806403,0.965039118098335
1.26,0.980909981100748,0.972296736004107,0.975560828688692,0.965964585942324
1.27,0.981500415922011,0.973074109515154,0.976270230965083,0.966865555241549
1.28,0.982072589196231,0.973829669366417,0.97695904123435,0.96774267450984
1.29,0.982627065734441,0.974564027664879,0.977627857226119,0.968596575093876
1.3,0.983164392878643,0.975277779341359,0.97827725931956,0.969427871627628
1.31,0.983685101042108,0.975971502632489,0.978907811047025,0.970237162474767
1.32,0.984189704232967,0.976645759549166,0.979520059583063,0.971025030159368
1.33,0.984678700561603,0.977301096331856,0.980114536219241,0.971792041785205
1.34,0.985152572732351,0.977938043893126,0.980691756825188,0.972538749443948
1.35,0.985611788519997,0.978557118247754,0.981252222296249,0.973265690612562
1.36,0.986056801231525,0.979158820930773,0.981796418988146,0.973973388540175
1.37,0.9864880501536,0.97974363940378,0.982324819139026,0.974662352624714
1.38,0.986905960986196,0.980312047449851,0.982837881279255,0.975333078779567
1.39,0.987310946262823,0.980864505557368,0.983336050629316,0.975986049790537
1.4,0.987703405757748,0.981401461293078,0.983819759486161,0.976621735663351
1.41,0.988083726880628,0.981923349664682,0.984289427598343,0.977240593961969
1.42,0.988452285058934,0.982430593473253,0.984745462530263,0.977843070137935
1.43,0.988809444108551,0.982923603655761,0.985188260015844,0.97842959785101
1.44,0.989155556592906,0.983402779617991,0.985618204301934,0.979000599281322
1.45,0.989490964170999,0.983868509558113,0.986035668481748,0.979556485433246
1.46,0.989815997934668,0.984321170781176,0.986441014818624,0.980097656431245
1.47,0.990130978735416,0.98476113000478,0.986834595060388,0.980624501807878
1.48,0.990436217501137,0.985188743656165,0.987216750744589,0.981137400784183
1.49,0.990732015543041,0.985604358160965,0.987587813494874,0.981636722542639
1.5,0.991018664853091,0.986008310223864,0.987948105308764,0.982122826492901
1.51,0.991296448392235,0.986400927101369,0.988297938837073,0.982596062530503
1.52,0.991565640369729,0.986782526866932,0.988637617655218,0.983056771288713
1.53,0.991826506513814,0.98715341866864,0.988967436526649,0.983505284383713
1.54,0.99207930433403,0.987513902979658,0.989287681658643,0.983941924653302
1.55,0.992324283375407,0.987864271841659,0.989598630950662,0.98436700638927
1.56,0.992561685464804,0.988204809101419,0.989900554235507,0.984780835563623
1.57,0.992791744949619,0.988535790640765,0.990193713513469,0.985183710048823
1.58,0.993014688929127,0.988857484600087,0.99047836317969,0.985575919832192
1.59,0.993230737478653,0.989170151595557,0.990754750244917,0.985957747224646
1.6,0.993440103866814,0.989474044930274,0.991023114549848,0.986329467063903
1.61,0.99364299476605,0.989769410799469,0.991283688973265,0.986691346912305
1.62,0.993839610456631,0.990056488489955,0.991536699634115,0.98704364724941
1.63,0.994030145024362,0.99033551057399,0.99178236608773,0.987386621659489
1.64,0.994214786552173,0.990606703097683,0.992020901516353,0.987720517014047
1.65,0.994393717305781,0.990870285764127,0.992252512914127,0.988045573649525
1.66,0.994567113913609,0.991126472111391,0.992477401266723,0.988362025540294
1.67,0.994735147541145,0.991375469685509,0.99269576172575,0.988670100467062
1.68,0.994897984059899,0.991617480208626,0.992907783778096,0.98897002018084
1.69,0.99505578421115,0.991852699742419,0.993113651410365,0.989262000562548
1.7,0.995208703764607,0.99208131884693,0.993313543268533,0.989546251778409
1.71,0.995356893672186,0.992303522734953,0.993507632812973,0.989822978431228
1.72,0.995500500217011,0.992519491422076,0.993696088468976,0.99009237970766
1.73,0.995639665157819,0.992729399872521,0.993879073772909,0.990354649521585
1.74,0.995774525868894,0.992933418140886,0.994056747514126,0.990609976653689
1.75,0.995905215475673,0.993131711509918,0.994229263872759,0.990858544887344
1.76,0.99603186298616,0.993324440624408,0.994396772553515,0.991100533140897
1.77,0.996154593418271,0.993511761621341,0.99455941891558,0.991336115596451
1.78,0.996273527923247,0.993693826256384,0.994717344098763,0.991565461825247
1.79,0.996388783905244,0.993870782026833,0.994870685145969,0.991788736909714
1.8,0.996500475137228,0.994042772291102,0.995019575122124,0.992006101562298
1.81,0.996608711873281,0.994209936384866,0.995164143229641,0.992217712241143
1.82,0.996713600957442,0.994372409733939,0.995304514920542,0.992423721262704
1.83,0.996815245929169,0.994530323963992,0.99544081200532,0.992624276911392
1.84,0.996913747125553,0.994683807007182,0.995573152758643,0.992819523546299
1.85,0.997009201780361,0.9948329832058,0.995701652021987,0.993009601705114
1.86,0.997101704120016,0.994977973413003,0.995826421303297,0.993194648205279
1.87,0.997191345456617,0.995118895090718,0.995947568873746,0.99337479624247
1.88,0.997278214278071,0.995255862404811,0.99606519986169,0.99355017548647
1.89,0.997362396335445,0.995388986317567,0.996179416343898,0.993720912174504
1.9,0.997443974727612,0.995518374677593,0.99629031743413,0.993887129202107
1.91,0.997523029983283,0.995644132307185,0.996397999369143,0.994048946211581
1.92,0.997599640140497,0.995766361087249,0.996502555592205,0.994206479678115
1.93,0.997673880823657,0.995885160039842,0.996604076834184,0.994359842993619
1.94,0.997745825318179,0.996000625408388,0.996702651192274,0.994509146548351
1.95,0.997815544642836,0.996112850735654,0.996798364206454,0.994654497810365
1.96,0.997883107619865,0.996221926939528,0.996891298933707,0.994796001402878
1.97,0.997948580942898,0.996327942386677,0.996981536020103,0.994933759179565
1.98,0.998012029242803,0.996430982964136,0.997069153770773,0.995067870297883
1.99,0.998073515151481,0.996531132148887,0.997154228217868,0.995198431290439
2,0.998133099363692,0.996628471075491,0.997236833186531,0.995325536134473
2.01,0.998190840696968,0.996723078601811,0.997317040358966,0.995449276319506
2.02,0.998246796149676,0.996815031372904,0.997394919336635,0.995569740913192
2.03,0.998301020957282,0.99690440388311,0.997470537700664,0.995687016625426
2.04,0.998353568646874,0.996991268536406,0.99754396107048,0.995801187870765
2.05,0.998404491090002,0.99707569570506,0.997615253160761,0.995912336829177
2.06,0.998453838553881,0.997157753786644,0.997684475836719,0.996020543505207
2.07,0.998501659751016,0.997237509259446,0.997751689167791,0.996125885785555
2.08,0.998548001887279,0.997315026736322,0.997816951479761,0.996228439495141
2.09,0.998592910708516,0.99739036901705,0.997880319405375,0.996328278451684
2.1,0.998636430545699,0.997463597139197,0.997941847933487,0.996425474518838
2.11,0.998678604358689,0.997534770427573,0.998001590456772,0.996520097657912
2.12,0.998719473778642,0.997603946542291,0.998059598818065,0.996612215978236
2.13,0.998759079149104,0.997671181525481,0.998115923355343,0.996701895786181
2.14,0.998797459565837,0.997736529846689,0.998170612945411,0.996789201632887
2.15,0.998834652915412,0.997800044447008,0.998223715046313,0.996874196360727
2.16,0.998870695912604,0.997861776781965,0.998275275738515,0.996956941148542
2.17,0.998905624136642,0.997921776863206,0.998325339764896,0.997037495555674
2.18,0.998939472066321,0.997980093299017,0.998373950569568,0.997115917564838
2.19,0.998972273114045,0.998036773333701,0.998421150335582,0.997192263623861
2.2,0.999004059658805,0.998091862885848,0.99846698002153,0.997266588686308
2.21,0.999034863078144,0.998145406585544,0.998511479397087,0.997338946251038
2.22,0.999064713779129,0.998197447810519,0.998554687077523,0.997409388400716
2.23,0.999093641228366,0.998248028721295,0.998596640557216,0.997477965839298
2.24,0.999121673981092,0.998297190295339,0.998637376242179,0.997544727928531
2.25,0.999148839709356,0.998344972360259,0.998676929481663,0.997609722723479
2.26,0.999175165229343,0.998391413626074,0.998715334598824,0.997672997007115
2.27,0.999200676527836,0.998436551716572,0.998752624920513,0.997734596323999
2.28,0.999225398787877,0.998480423199788,0.99878883280619,0.997794565013052
2.29,0.999249356413621,0.998523063617634,0.998823989676014,0.99785294623948
2.3,0.999272573054427,0.99856450751469,0.998858126038097,0.997909782025839
2.31,0.999295071628203,0.998604788466189,0.998891271514987,0.997965113282283
2.32,0.99931687434403,0.99864393910522,0.998923454869372,0.998018979836013
2.33,0.999338002724086,0.998681991149164,0.998954704029033,0.998071420459943
2.34,0.999358477624889,0.998718975425389,0.998985046111089,0.998122472900609
2.35,0.999378319257885,0.998754921896226,0.99901450744552,0.998172173905337
2.36,0.999397547209402,0.998789859683239,0.999043113598021,0.998220559248698
2.37,0.999416180459982,0.998823817090822,0.999070889392182,0.998267663758254
2.38,0.99943423740312,0.998856821629128,0.999097858931035,0.998313521339628
2.39,0.999451735863416,0.998888900036353,0.999124045617964,0.99835816500091
2.4,0.999468693114177,0.998920078300401,0.99914947217702,0.998401626876416
2.41,0.999485125894459,0.998950381679938,0.999174160672636,0.998443938249817
2.42,0.999501050425602,0.998979834724851,0.999198132528772,0.998485129576658
2.43,0.999516482427233,0.999008461296143,0.999221408547513,0.998525230506279
2.44,0.999531437132786,0.999036284585257,0.999244008927114,0.998564269903156
2.45,0.999545929304544,0.999063327132869,0.999265953279531,0.99860227586768
2.46,0.999559973248206,0.999089610847146,0.999287260647438,0.99863927575638
2.47,0.999573582827008,0.999115157021499,0.999307949520753,0.998675296201618
2.48,0.999586771475414,0.999139986351827,0.999328037852681,0.998710363130755
2.49,0.999599552212371,0.999164118953289,0.999347543075297,0.998744501784816
2.5,0.999611937654164,0.9991875743766,0.999366482114666,0.998777736736658
2.51,0.99962394002687,0.999210371623863,0.999384871405542,0.998810091908655
2.52,0.999635571178426,0.999232529163974,0.999402726905616,0.998841590589923
2.53,0.999646842590323,0.999254064947574,0.999420064109378,0.998872255453075
2.54,0.999657765388941,0.999274996421598,0.999436898061549,0.998902108570549
2.55,0.999668350356535,0.999295340543408,0.999453243370148,0.998931171430491
2.56,0.999678607941873,0.999315113794529,0.99946911421916,0.998959464952222
2.57,0.999688548270554,0.999334332194003,0.999484524380848,0.998987009501297
2.58,0.999698181155005,0.999353011311367,0.999499487227705,0.999013824904165
2.59,0.99970751610416,0.999371166279264,0.999514015744057,0.999039930462438
2.6,0.999716562332855,0.999388811805705,0.99952812253733,0.999065344966783
2.61,0.99972532877092,0.999405962185985,0.999541819848992,0.999090086710453
2.62,0.999733824071994,0.99942263131426,0.999555119565172,0.999114173502447
2.63,0.999742056622067,0.999438832694807,0.99956803322698,0.999137622680335
2.64,0.999750034547759,0.999454579452965,0.999580572040519,0.999160451122734
2.65,0.999757765724344,0.999469884345764,0.999592746886607,0.999182675261461
2.66,0.999765257783519,0.999484759772264,0.999604568330224,0.999204311093352
2.67,0.999772518120942,0.999499217783599,0.999616046629677,0.999225374191789
2.68,0.999779553903532,0.999513270092738,0.999627191745502,0.999245879717898
2.69,0.999786372076539,0.999526928083977,0.999638013349109,0.999265842431469
2.7,0.999792979370407,0.999540202822159,0.999648520831171,0.999285276701577
2.71,0.999799382307412,0.999553105061641,0.999658723309778,0.999304196516926
2.72,0.999805587208103,0.999565645255004,0.999668629638345,0.999322615495919
2.73,0.999811600197542,0.999577833561523,0.999678248413298,0.999340546896457
2.74,0.999817427211348,0.999589679855396,0.999687587981532,0.999358003625486
2.75,0.999823074001559,0.999601193733743,0.999696656447653,0.999374998248283
2.76,0.999828546142305,0.999612384524383,0.999705461681015,0.999391542997505
2.77,0.999833849035317,0.99962326129339,0.999714011322544,0.999407649781992
2.78,0.999838987915255,0.999633832852436,0.999722312791371,0.999423330195337
2.79,0.999843967854876,0.999644107765933,0.999730373291272,0.999438595524236
2.8,0.999848793770041,0.999654094357967,0.999738199816914,0.999453456756606
2.81,0.999853470424571,0.999663800719047,0.999745799159931,0.999467924589498
2.82,0.999858002434944,0.999673234712655,0.999753177914812,0.999482009436796
2.83,0.999862394274858,0.999682403981617,0.999760342484628,0.999495721436713
2.84,0.99986665027964,0.999691315954298,0.999767299086584,0.999509070459088
2.85,0.999870774650534,0.999699977850616,0.99977405375742,0.999522066112488
2.86,0.99987477145884,0.999708396687894,0.999780612358642,0.999534717751131
2.87,0.999878644649941,0.999716579286544,0.999786980581615,0.99954703448161
2.88,0.99988239804719,0.999724532275591,0.999793163952499,0.999559025169456
2.89,0.999886035355689,0.999732262098046,0.999799167837044,0.999570698445515
2.9,0.999889560165945,0.999739775016123,0.999804997445248,0.999582062712159
2.91,0.999892975957413,0.999747077116317,0.999810657835876,0.99959312614934
2.92,0.999896286101933,0.999754174314327,0.999816153920851,0.999603896720471
2.93,0.999899493867059,0.999761072359857,0.999821490469517,0.999614382178165
2.94,0.999902602419279,0.999767776841269,0.999826672112776,0.999624590069807
2.95,0.999905614827149,0.99977429319011,0.999831703347108,0.999634527742995
2.96,0.999908534064314,0.999780626685517,0.999836588538474,0.999644202350823
2.97,0.999911363012451,0.999786782458488,0.9998413319261,0.999653620857033
2.98,0.999914104464106,0.999792765496042,0.999845937626162,0.999662790041024
2.99,0.999916761125456,0.99979858064526,0.999850409635352,0.999671716502736
3,0.999919335618979,0.999804232617208,0.999854751834351,0.999680406667397
3.01,0.999921830486042,0.999809725990759,0.999858967991194,0.999688866790151
3.02,0.999924248189411,0.999815065216298,0.999863061764539,0.999697102960558
3.03,0.99992659111568,0.999820254619328,0.999867036706845,0.999705121106977
3.04,0.999928861577627,0.999825298403977,0.999870896267451,0.999712927000837
3.05,0.999931061816502,0.999830200656401,0.999874643795573,0.999720526260786
3.06,0.999933194004231,0.999834965348097,0.999878282543206,0.999727924356738
3.07,0.999935260245568,0.999839596339117,0.999881815667952,0.999735126613811
3.08,0.999937262580167,0.999844097381199,0.999885246235753,0.99974213821616
3.09,0.999939202984598,0.999848472120802,0.999888577223558,0.999748964210704
3.1,0.999941083374299,0.999852724102067,0.999891811521899,0.999755609510767
3.11,0.999942905605463,0.999856856769679,0.99989495193741,0.999762078899605
3.12,0.999944671476875,0.999860873471666,0.99989800119525,0.999768377033859
3.13,0.999946382731685,0.999864777462107,0.999900961941478,0.999774508446896
3.14,0.999948041059129,0.999868571903768,0.999903836745344,0.999780477552083
3.15,0.999949648096195,0.999872259870667,0.999906628101519,0.999786288645955
3.16,0.999951205429243,0.999875844350563,0.999909338432262,0.999791945911313
3.17,0.999952714595568,0.999879328247375,0.999911970089519,0.999797453420232
3.18,0.999954177084917,0.999882714383537,0.999914525356966,0.999802815136993
3.19,0.999955594340962,0.999886005502283,0.999917006451991,0.999808034920938
3.2,0.999956967762722,0.99988920426987,0.999919415527615,0.999813116529243
3.21,0.999958298705947,0.999892313277738,0.999921754674365,0.99981806361963
3.22,0.999959588484456,0.99989533504461,0.999924025922085,0.999822879752991
3.23,0.99996083837143,0.99989827201853,0.999926231241698,0.999827568395961
3.24,0.999962049600674,0.99990112657885,0.999928372546917,0.999832132923402
3.25,0.999963223367833,0.999903901038154,0.999930451695904,0.999836576620844
3.26,0.99996436083157,0.999906597644135,0.999932470492884,0.999840902686839
3.27,0.999965463114713,0.999909218581412,0.999934430689711,0.999845114235272
3.28,0.999966531305363,0.999911765973305,0.999936333987388,0.999849214297598
3.29,0.999967566457965,0.999914241883549,0.999938182037541,0.999853205825023
3.3,0.999968569594353,0.999916648317971,0.999939976443854,0.999857091690631
3.31,0.999969541704754,0.999918987226113,0.999941718763462,0.999860874691453
3.32,0.999970483748772,0.99992126050281,0.999943410508298,0.999864557550475
3.33,0.999971396656329,0.999923469989728,0.999945053146411,0.999868142918605
3.34,0.999972281328587,0.999925617476854,0.999946648103233,0.999871633376574
3.35,0.999973138638833,0.999927704703947,0.999948196762823,0.999875031436799
3.36,0.999973969433347,0.999929733361947,0.999949700469062,0.999878339545189
3.37,0.999974774532234,0.999931705094345,0.999951160526823,0.999881560082907
3.38,0.999975554730233,0.999933621498513,0.999952578203102,0.999884695368081
3.39,0.999976310797504,0.999935484127002,0.999953954728118,0.999887747657477
3.4,0.999977043480385,0.999937294488796,0.999955291296378,0.99989071914812
3.41,0.999977753502131,0.999939054050536,0.999956589067719,0.999893611978874
3.42,0.999978441563629,0.999940764237709,0.999957849168309,0.999896428231989
3.43,0.999979108344086,0.999942426435799,0.999959072691626,0.99989916993459
3.44,0.999979754501703,0.999944041991416,0.999960260699409,0.999901839060143
3.45,0.999980380674324,0.99994561221338,0.999961414222576,0.999904437529873
3.46,0.999980987480064,0.999947138373786,0.999962534262123,0.999906967214149
3.47,0.999981575517921,0.999948621709034,0.999963621789985,0.999909429933824
3.48,0.999982145368367,0.999950063420828,0.999964677749889,0.999911827461556
3.49,0.99998269759392,0.999951464677153,0.999965703058166,0.999914161523073
3.5,0.999983232739699,0.999952826613217,0.99996669860455,0.999916433798423
3.51,0.999983751333965,0.999954150332376,0.999967665252945,0.999918645923181
3.52,0.999984253888639,0.999955436907023,0.999968603842183,0.999920799489624
3.53,0.99998474089981,0.99995668737946,0.999969515186743,0.99992289604788
3.54,0.999985212848221,0.999957902762742,0.999970400077464,0.999924937107042
3.55,0.999985670199749,0.999959084041494,0.999971259282228,0.999926924136257
3.56,0.999986113405861,0.999960232172715,0.999972093546629,0.999928858565779
3.57,0.99998654290406,0.999961348086549,0.999972903594617,0.999930741788002
3.58,0.999986959118317,0.999962432687037,0.999973690129128,0.999932575158462
3.59,0.999987362459492,0.999963486852856,0.999974453832695,0.999934359996811
3.6,0.999987753325735,0.999964511438024,0.999975195368036,0.999936097587768
3.61,0.999988132102884,0.999965507272596,0.999975915378635,0.999937789182043
3.62,0.999988499164842,0.999966475163333,0.999976614489297,0.999939435997238
3.63,0.999988854873947,0.99996741589436,0.999977293306688,0.999941039218725
3.64,0.999989199581333,0.999968330227797,0.999977952419869,0.999942600000495
3.65,0.999989533627271,0.999969218904381,0.999978592400797,0.999944119465992
3.66,0.999989857341508,0.999970082644061,0.999979213804829,0.99994559870892
3.67,0.999990171043594,0.999970922146584,0.999979817171203,0.999947038794033
3.68,0.999990475043195,0.999971738092063,0.999980403023502,0.999948440757898
3.69,0.999990769640398,0.999972531141525,0.999980971870111,0.999949805609642
3.7,0.999991055126009,0.999973301937448,0.99998152420466,0.999951134331679
3.71,0.999991331781842,0.999974051104284,0.999982060506448,0.999952427880418
3.72,0.999991599880992,0.99997477924896,0.999982581240862,0.99995368718695
3.73,0.999991859688109,0.999975486961372,0.999983086859782,0.999954913157718
3.74,0.999992111459656,0.999976174814865,0.999983577801967,0.999956106675171
3.75,0.999992355444166,0.999976843366694,0.999984054493444,0.999957268598398
3.76,0.999992591882484,0.999977493158478,0.999984517347872,0.999958399763745
3.77,0.999992821008006,0.999978124716637,0.999984966766902,0.999959500985421
3.78,0.999993043046909,0.99997873855282,0.999985403140527,0.99996057305608
3.79,0.999993258218375,0.999979335164319,0.99998582684742,0.999961616747394
3.8,0.999993466734807,0.99997991503447,0.99998623825526,0.999962632810608
3.81,0.999993668802038,0.999980478633047,0.999986637721057,0.99996362197708
3.82,0.999993864619536,0.999981026416643,0.999987025591455,0.999964584958807
3.83,0.999994054380599,0.999981558829037,0.999987402203037,0.99996552244894
3.84,0.999994238272545,0.999982076301556,0.999987767882614,0.99996643512228
3.85,0.999994416476901,0.999982579253425,0.999988122947514,0.999967323635765
3.86,0.999994589169577,0.999983068092102,0.999988467705852,0.999968188628943
3.87,0.999994756521046,0.999983543213615,0.999988802456798,0.999969030724434
3.88,0.999994918696504,0.999984005002876,0.99998912749084,0.999969850528373
3.89,0.99999507585604,0.999984453833998,0.999989443090033,0.999970648630851
3.9,0.999995228154793,0.999984890070597,0.999989749528245,0.999971425606341
3.91,0.9999953757431,0.999985314066082,0.999990047071395,0.999972182014104
3.92,0.999995518766651,0.99998572616395,0.99999033597768,0.999972918398601
3.93,0.99999565736663,0.999986126698055,0.999990616497807,0.999973635289878
3.94,0.999995791679852,0.999986515992884,0.999990888875202,0.999974333203949
3.95,0.999995921838904,0.999986894363821,0.999991153346226,0.999975012643171
3.96,0.999996047972268,0.999987262117398,0.999991410140381,0.999975674096601
3.97,0.999996170204457,0.999987619551544,0.999991659480503,0.999976318040351
3.98,0.999996288656128,0.999987966955831,0.999991901582964,0.999976944937927
3.99,0.99999640344421,0.999988304611705,0.999992136657853,0.999977555240569
4,0.999996514682014,0.999988632792711,0.999992364909161,0.99997814938757
4.01,0.999996622479346,0.999988951764723,0.999992586534958,0.999978727806594
4.02,0.999996726942616,0.99998926178615,0.999992801727565,0.999979290913984
4.03,0.999996828174944,0.999989563108153,0.999993010673719,0.999979839115063
4.04,0.999996926276259,0.999989855974844,0.999993213554737,0.999980372804424
4.05,0.999997021343401,0.999990140623486,0.999993410546675,0.999980892366214
4.06,0.999997113470212,0.999990417284681,0.999993601820476,0.999981398174411
4.07,0.999997202747636,0.999990686182564,0.999993787542122,0.999981890593094
4.08,0.999997289263799,0.99999094753498,0.999993967872777,0.999982369976703
4.09,0.999997373104106,0.999991201553659,0.999994142968926,0.999982836670298
4.1,0.999997454351318,0.999991448444391,0.999994312982513,0.999983291009802
4.11,0.999997533085636,0.999991688407191,0.99999447806107,0.999983733322246
4.12,0.999997609384783,0.999991921636463,0.999994638347849,0.999984163926006
4.13,0.999997683324074,0.999992148321153,0.999994793981941,0.999984583131028
4.14,0.999997754976498,0.999992368644908,0.999994945098402,0.999984991239053
4.15,0.999997824412786,0.999992582786221,0.999995091828365,0.999985388543837
4.16,0.999997891701481,0.999992790918573,0.999995234299158,0.999985775331358
4.17,0.999997956909004,0.999992993210583,0.999995372634415,0.999986151880023
4.18,0.999998020099726,0.999993189826133,0.999995506954177,0.999986518460872
4.19,0.999998081336023,0.999993380924509,0.999995637375004,0.999986875337766
4.2,0.999998140678343,0.999993566660528,0.999995764010071,0.999987222767585
4.21,0.999998198185266,0.99999374718466,0.999995886969269,0.999987561000406
4.22,0.999998253913559,0.999993922643155,0.999996006359298,0.999987890279689
4.23,0.999998307918233,0.999994093178159,0.99999612228376,0.999988210842448
4.24,0.999998360252596,0.999994258927828,0.999996234843253,0.999988522919422
4.25,0.999998410968312,0.999994420026442,0.999996344135452,0.999988826735242
4.26,0.999998460115442,0.999994576604513,0.999996450255197,0.999989122508595
4.27,0.999998507742501,0.99999472878889,0.999996553294576,0.999989410452376
4.28,0.999998553896504,0.999994876702865,0.999996653343004,0.999989690773846
4.29,0.999998598623011,0.999995020466267,0.9999967504873,0.999989963674779
4.3,0.999998641966172,0.999995160195565,0.999996844811763,0.999990229351609
4.31,0.999998683968774,0.999995296003958,0.999996936398245,0.999990487995568
4.32,0.999998724672278,0.99999542800147,0.999997025326222,0.999990739792827
4.33,0.999998764116864,0.999995556295037,0.999997111672863,0.999990984924628
4.34,0.99999880234147,0.999995680988594,0.999997195513097,0.999991223567417
4.35,0.999998839383827,0.99999580218316,0.999997276919679,0.999991455892968
4.36,0.999998875280502,0.999995919976919,0.99999735596325,0.999991682068507
4.37,0.999998910066929,0.999996034465301,0.999997432712402,0.999991902256835
4.38,0.999998943777448,0.999996145741057,0.999997507233737,0.999992116616442
4.39,0.999998976445335,0.999996253894335,0.999997579591921,0.999992325301624
4.4,0.999999008102837,0.999996359012754,0.999997649849746,0.99999252846259
4.41,0.999999038781205,0.999996461181474,0.999997718068177,0.999992726245576
4.42,0.999999068510722,0.999996560483267,0.999997784306415,0.999992918792945
4.43,0.999999097320736,0.99999665699858,0.999997848621937,0.999993106243292
4.44,0.999999125239685,0.999996750805604,0.999997911070556,0.999993288731542
4.45,0.99999915229513,0.999996841980336,0.999997971706462,0.99999346638905
4.46,0.999999178513777,0.999996930596639,0.999998030582274,0.999993639343692
4.47,0.999999203921508,0.999997016726304,0.999998087749083,0.999993807719962
4.48,0.999999228543405,0.99999710043911,0.999998143256495,0.999993971639055
4.49,0.99999925240377,0.999997181802874,0.999998197152678,0.99999413121896
4.5,0.99999927552616,0.999997260883512,0.999998249484404,0.999994286574541
4.51,0.999999297933397,0.99999733774509,0.999998300297082,0.999994437817624
4.52,0.999999319647601,0.999997412449878,0.999998349634807,0.999994585057071
4.53,0.999999340690207,0.999997485058395,0.999998397540393,0.999994728398866
4.54,0.999999361081987,0.999997555629465,0.999998444055411,0.999994867946185
4.55,0.99999938084307,0.99999762422026,0.999998489220225,0.999995003799473
4.56,0.999999399992962,0.999997690886348,0.999998533074029,0.999995136056518
4.57,0.999999418550568,0.999997755681738,0.999998575654876,0.999995264812518
4.58,0.999999436534206,0.999997818658922,0.999998616999718,0.999995390160149
4.59,0.999999453961629,0.999997879868922,0.999998657144432,0.999995512189638
4.6,0.999999470850039,0.999997939361325,0.999998696123855,0.99999563098882
4.61,0.999999487216108,0.999997997184328,0.999998733971812,0.999995746643207
4.62,0.999999503075991,0.999998053384776,0.999998770721147,0.999995859236046
4.63,0.999999518445344,0.999998108008199,0.999998806403748,0.999995968848381
4.64,0.999999533339338,0.99999816109885,0.999998841050582,0.99999607555911
4.65,0.999999547772677,0.999998212699738,0.999998874691712,0.999996179445043
4.66,0.999999561759607,0.999998262852669,0.999998907356333,0.999996280580958
4.67,0.999999575313935,0.999998311598273,0.999998939072789,0.99999637903965
4.68,0.999999588449042,0.999998358976039,0.999998969868603,0.999996474891991
4.69,0.999999601177894,0.999998405024352,0.999998999770499,0.999996568206974
4.7,0.999999613513055,0.999998449780516,0.999999028804425,0.999996659051768
4.71,0.999999625466702,0.999998493280789,0.999999056995575,0.999996747491761
4.72,0.999999637050635,0.999998535560414,0.999999084368414,0.999996833590613
4.73,0.999999648276289,0.999998576653642,0.999999110946693,0.999996917410297
4.74,0.999999659154745,0.999998616593764,0.999999136753478,0.999996999011146
4.75,0.999999669696741,0.999998655413138,0.999999161811163,0.999997078451896
4.76,0.999999679912684,0.999998693143212,0.999999186141492,0.999997155789728
4.77,0.999999689812658,0.999998729814554,0.999999209765577,0.99999723108031
4.78,0.999999699406437,0.999998765456871,0.999999232703921,0.999997304377836
4.79,0.999999708703489,0.999998800099039,0.999999254976426,0.999997375735064
4.8,0.999999717712993,0.999998833769123,0.999999276602422,0.999997445203358
4.81,0.999999726443842,0.9999988664944,0.999999297600675,0.99999751283272
4.82,0.999999734904655,0.999998898301382,0.999999317989405,0.99999757867183
4.83,0.999999743103784,0.999998929215838,0.999999337786307,0.999997642768078
4.84,0.999999751049322,0.999998959262811,0.999999357008559,0.9999977051676
4.85,0.999999758749113,0.999998988466645,0.999999375672841,0.999997765915313
4.86,0.999999766210757,0.999999016850999,0.99999939379535,0.99999782505494
4.87,0.99999977344162,0.999999044438867,0.999999411391812,0.999997882629052
4.88,0.999999780448839,0.999999071252599,0.999999428477498,0.999997938679089
4.89,0.999999787239333,0.999999097313919,0.999999445067232,0.999997993245396
4.9,0.999999793819804,0.99999912264394,0.999999461175412,0.99999804636725
4.91,0.999999800196747,0.999999147263182,0.999999476816016,0.999998098082887
4.92,0.999999806376458,0.99999917119159,0.999999492002615,0.999998148429533
4.93,0.999999812365036,0.99999919444855,0.999999506748389,0.999998197443426
4.94,0.999999818168395,0.999999217052903,0.999999521066134,0.999998245159847
4.95,0.999999823792261,0.999999239022962,0.999999534968274,0.999998291613141
4.96,0.999999829242186,0.999999260376525,0.999999548466873,0.999998336836745
4.97,0.999999834523552,0.999999281130892,0.999999561573644,0.999998380863212
4.98,0.999999839641569,0.999999301302876,0.999999574299961,0.999998423724232
4.99,0.999999844601292,0.999999320908819,0.999999586656869,0.999998465450654
5,0.999999849407616,0.999999339964606,0.999999598655089,0.999998506072515
