lamT,lamD0.0001omega0,lamD0.0001omega60,lamD10omega0,lamD10omega60
0.5,0.792117381457166,0.729905868013062,0.471484041390739,0.412219616560581
0.51,0.79854662749957,0.736885094356093,0.478181745742231,0.418433489662371
0.52,0.804777034384743,0.74368397764617,0.484794572347178,0.424581671189531
0.53,0.810814751668978,0.750307177943758,0.491323596832613,0.430664855617616
0.54,0.816665738719455,0.756759234893462,0.497769881194509,0.436683730080354
0.55,0.822335770596276,0.763044570835572,0.504134473970526,0.442638974447259
0.56,0.827830443752585,0.769167493837203,0.510418410410557,0.448531261400427
0.57,0.833155181558396,0.775132200645114,0.516622712645124,0.454361256510523
0.58,0.838315239653586,0.780942779562218,0.522748389851634,0.460129618311957
0.59,0.843315711135332,0.786603213249775,0.528796438418528,0.465836998377271
0.6,0.848161531585118,0.792117381457166,0.534767842107354,0.471484041390739
0.61,0.852857483940268,0.797489063681134,0.540663572212782,0.477071385221188
0.62,0.857408203214815,0.802721941756311,0.546484587720592,0.482599660994048
0.63,0.861818181074371,0.807819602378804,0.55223183546366,0.488069493162643
0.64,0.8660917702695,0.812785539564573,0.55790625027597,0.493481499578727
0.65,0.870233188931987,0.817623157044284,0.563508755144671,0.498836291562273
0.66,0.874246524738234,0.822335770596276,0.569040261360204,0.504134473970526
0.67,0.878135738943887,0.826926610319253,0.574501668664539,0.509376645266325
0.68,0.881904670293691,0.831398822846239,0.579893865397514,0.514563397585704
0.69,0.885557038810418,0.835755473501332,0.585217728641341,0.519695316804776
0.7,0.889096449466617,0.839999548400721,0.590474124363262,0.524772982605916
0.71,0.892526395742805,0.844133956499422,0.59566390755641,0.52979696854323
0.72,0.895850263075614,0.848161531585118,0.600787922378878,0.534767842107354
0.73,0.899071332199296,0.85208503422048,0.605847002291029,0.539686164789545
0.74,0.902192782383882,0.855907153635302,0.610841970191063,0.544552492145111
0.75,0.905217694573197,0.859630509569741,0.615773638548871,0.549367373856162
0.76,0.908149054425822,0.863257654069926,0.620642809538184,0.554131353793701
0.77,0.910989755262011,0.866791073237171,0.625450275167059,0.558844970079057
0.78,0.913742600919462,0.870233188931987,0.630196817406702,0.563508755144671
0.79,0.91641030852077,0.873586360434064,0.634883208318659,0.568123235794233
0.8,0.918995511155293,0.876852886059359,0.639510210180404,0.572688933262194
0.81,0.921500760478071,0.880035004735392,0.644078575609324,0.577206363272638
0.82,0.923928529228367,0.88313489753585,0.648589047685141,0.581676036097538
0.83,0.926281213670321,0.886154689175523,0.653042360070778,0.586098456614394
0.84,0.928561135958116,0.889096449466617,0.657439237131695,0.590474124363262
0.85,0.930770546427998,0.891962194737438,0.661780394053713,0.594803533603182
0.86,0.932911625819413,0.894753889214415,0.666066536959345,0.599087173368004
0.87,0.934986487427446,0.897473446368407,0.670298363022652,0.603325527521632
0.88,0.93699717918869,0.90012273022623,0.674476560582643,0.607519074812675
0.89,0.938945685702609,0.902703556648289,0.678601809255238,0.611668288928526
0.9,0.940833930190386,0.905217694573197,0.682674780043816,0.615773638548871
0.91,0.942663776393183,0.907666867230231,0.686696135448356,0.619835587398625
0.92,0.944437030411698,0.910052753320465,0.690666529573197,0.623854594300316
0.93,0.946155442488829,0.912376988167371,0.694586608233436,0.62783111322591
0.94,0.947820708737206,0.914641164837701,0.698457009059972,0.631765593348088
0.95,0.949434472813291,0.916846835233398,0.702278361603225,0.635658479090989
0.96,0.950998327539703,0.918995511155293,0.706051287435532,0.639510210180404
0.97,0.952513816477378,0.921088665339317,0.709776400252256,0.64332122169345
0.98,0.953982435449092,0.923127732465937,0.713454305971605,0.647091944107712
0.99,0.955405634015878,0.92511411014351,0.71708560283319,0.65082280334987
1,0.956784816907775,0.927049159866223,0.720670881495334,0.65451422084381
1.01,0.958121345410326,0.928934207947284,0.724210725131144,0.658166613558224
1.02,0.959416538708203,0.930770546427998,0.727705709523374,0.661780394053713
1.03,0.960671675187271,0.93255943396335,0.731156403158077,0.665355970529386
1.04,0.961887993696384,0.934302096684711,0.734563367317073,0.668893746868967
1.05,0.963066694770159,0.935999729040241,0.737927156169247,0.672394122686422
1.06,0.96420894181393,0.93765349461359,0.74124831686069,0.67585749337109
1.07,0.965315862252056,0.939264526921429,0.744527389603693,0.679284250132353
1.08,0.966388548640717,0.940833930190386,0.747764907764623,0.682674780043817
1.09,0.967428059746291,0.942362780113896,0.75096139795067,0.686029466087041
1.1,0.968435421590381,0.943852124589502,0.754117380095513,0.689348687194796
1.11,0.969411628462522,0.945302984437094,0.757233367543885,0.692632818293865
1.12,0.970357643901568,0.946716354098602,0.760309867135074,0.695882230347396
1.13,0.971274401646729,0.948093202319599,0.763347379285367,0.699097290396802
1.14,0.972162806559188,0.949434472813291,0.766346398069442,0.702278361603225
1.15,0.973023735515228,0.950741084907358,0.769307411300736,0.705425803288552
1.16,0.973858038271723,0.952013934174073,0.772230900610792,0.708539970976007
1.17,0.974666538304868,0.953253893044142,0.775117341527597,0.711621216430306
1.18,0.975450033622973,0.954461811404679,0.777967203552936,0.714669887697396
1.19,0.976209297554114,0.955638517181737,0.780780950238751,0.717686329143763
1.2,0.976945079509423,0.956784816907775,0.783559039262552,0.720670881495334
1.21,0.977658105722778,0.957901496274473,0.786301922501853,0.723623881875963
1.22,0.978349079967611,0.958989320671256,0.789010046107678,0.726545663845512
1.23,0.97901868425155,0.960049035709903,0.791683850577129,0.729436557437529
1.24,0.979667579489573,0.9610813677356,0.794323770825038,0.732296889196526
1.25,0.98029640615635,0.962087024324791,0.796930236254708,0.735126982214863
1.26,0.980905784918405,0.963066694770159,0.799503670827757,0.737927156169247
1.27,0.981496317246728,0.964021050553082,0.802044493133083,0.74069772735684
1.28,0.982068586010444,0.964950745803872,0.804553116454947,0.743439008730985
1.29,0.98262315605211,0.965856417750129,0.807029948840198,0.746151309936559
1.3,0.983160574745239,0.966738687153506,0.809475393164645,0.748834937344945
1.31,0.98368137253456,0.967598158735189,0.811889847198588,0.751490194088645
1.32,0.984186063459588,0.968435421590381,0.814273703671519,0.754117380095513
1.33,0.984675145661987,0.96925104959208,0.816627350336,0.756716792122641
1.34,0.985149101877248,0.970045601784416,0.818951170030738,0.759288723789874
1.35,0.985608399911163,0.970819622765835,0.821245540742852,0.761833465612981
1.36,0.986053493101558,0.971573643062366,0.823510835669358,0.764351305036464
1.37,0.98648482076575,0.972308179491263,0.825747423277874,0.766842526466036
1.38,0.98690280863416,0.973023735515228,0.827955667366552,0.769307411300736
1.39,0.987307869270521,0.973720801587503,0.83013592712325,0.771746237964723
1.4,0.987700402479089,0.974399855488027,0.832288557183963,0.774159281938723
1.41,0.988080795699257,0.975061362650915,0.834413907690502,0.776546815791143
1.42,0.988449424387968,0.975705776483476,0.836512324347449,0.778909109208864
1.43,0.988806652390298,0.976333538676985,0.838584148478389,0.781246429027703
1.44,0.989152832298581,0.976945079509423,0.840629717081427,0.783559039262552
1.45,0.989488305800428,0.977540818140398,0.842649362884008,0.7858472011372
1.46,0.989813404015975,0.978121162898443,0.844643414397032,0.788111173113842
1.47,0.990128447824712,0.978686511560892,0.846612195968291,0.790351210922272
1.48,0.990433748182193,0.97923725162652,0.848556027835227,0.792567567588771
1.49,0.990729606426963,0.979773760581142,0.850475226177022,0.794760493464685
1.5,0.99101631457798,0.98029640615635,0.852370103166026,0.796930236254708
1.51,0.991294155622848,0.980805546581557,0.854240967018533,0.799077041044858
1.52,0.991563403797129,0.98130153082954,0.856088122044917,0.801201150330162
1.53,0.991824324855027,0.981784698855623,0.857911868699129,0.80330280404205
1.54,0.992077176331683,0.982255381830695,0.859712503627568,0.805382239575452
1.55,0.992322207797379,0.982713902368195,0.861490319717334,0.807439691815618
1.56,0.992559661103861,0.983160574745239,0.863245606143868,0.809475393164645
1.57,0.992789770623057,0.983595705118027,0.864978648417986,0.811489573567733
1.58,0.993012763478407,0.984019591731694,0.866689728432324,0.813482460539157
1.59,0.993228859769038,0.984432525124723,0.868379124507188,0.815454279187962
1.6,0.993438272787008,0.984834788328091,0.870047111435823,0.817405252243398
1.61,0.993641209227828,0.985226657059261,0.871693960529114,0.819335600080075
1.62,0.993837869394479,0.985608399911163,0.873319939659712,0.821245540742852
1.63,0.994028447395112,0.98598027853629,0.874925313305612,0.823135289971472
1.64,0.994213131334641,0.986342547826044,0.876510342593164,0.825005061224932
1.65,0.994392103500402,0.986695456085435,0.878075285339556,0.826855065705586
1.66,0.994565540542079,0.987039245203278,0.879620396094745,0.828685512383013
1.67,0.994733613646061,0.987374150817989,0.881145926182859,0.830496608017612
1.68,0.994896488704405,0.987700402479089,0.882652123743085,0.832288557183963
1.69,0.995054326478576,0.988018223804548,0.884139233770022,0.834061562293931
1.7,0.995207282758122,0.988327832634049,0.885607498153538,0.835815823619532
1.71,0.995355508514444,0.988629441178305,0.887057155718111,0.837551539315555
1.72,0.995499150049806,0.988923256164508,0.888488442261676,0.839268905441943
1.73,0.995638349141738,0.989209478978025,0.889901590593981,0.840968115985942
1.74,0.995773243182978,0.989488305800428,0.891296830574457,0.842649362884009
1.75,0.995903965317077,0.989759927743962,0.892674389149601,0.844312836043496
1.76,0.996030644569818,0.990024530982538,0.894034490389894,0.845958723364101
1.77,0.996153405976564,0.990282296879333,0.895377355526249,0.847587210759091
1.78,0.996272370705675,0.990533402111107,0.896703202985994,0.849198482176301
1.79,0.996387656178102,0.990778018789297,0.898012248428399,0.850792719618916
1.8,0.996499376183284,0.99101631457798,0.89930470477976,0.852370103166026
1.81,0.996607640991459,0.991248452808802,0.900580782268027,0.853930810992968
1.82,0.996712557462509,0.99147459259292,0.901840688457005,0.855475019391452
1.83,0.996814229151426,0.991694888930063,0.903084628280111,0.857002902789474
1.84,0.996912756410529,0.991909492814771,0.90431280407371,0.85851463377102
1.85,0.997008236488511,0.992118551339887,0.905525415610028,0.86001038309556
1.86,0.997100763626426,0.992322207797379,0.906722660129643,0.861490319717334
1.87,0.997190429150708,0.992520601776554,0.907904732373572,0.86295461080444
1.88,0.997277321563313,0.992713869259735,0.909071824614942,0.864403421757714
1.89,0.997361526629068,0.992902142715464,0.910224126690271,0.865836916229415
1.9,0.99744312746033,0.993085551189298,0.91136182603034,0.867255256141709
1.91,0.997522204599015,0.993264220392262,0.912485107690684,0.868658601704959
1.92,0.997598836096094,0.993438272787008,0.913594154381692,0.870047111435823
1.93,0.997673097588635,0.993607827671758,0.914689146498325,0.871420942175161
1.94,0.997745062374456,0.99377300126207,0.915770262149461,0.872780249105747
1.95,0.997814801484471,0.993933906770494,0.916837677186864,0.874125185769799
1.96,0.997882383752803,0.994090654484171,0.917891565233786,0.875455904086326
1.97,0.997947875884719,0.994243351840426,0.918932097713212,0.876772554368283
1.98,0.998011342522474,0.994392103500402,0.919959443875741,0.878075285339556
1.99,0.998072846309115,0.994537011420804,0.920973770827116,0.879364244151756
2,0.998132447950305,0.994678174923776,0.921975243555406,0.88063957640084
2.01,0.998190206274251,0.994815690764982,0.922964024957841,0.881901426143564
2.02,0.998246178289759,0.99494965319992,0.923940275867311,0.883149935913747
2.03,0.998300419242507,0.995080154048529,0.924904155078522,0.884385246738378
2.04,0.998352982669577,0.995207282758122,0.925855819373831,0.885607498153538
2.05,0.998403920452291,0.995331126464696,0.926795423548745,0.886816828220171
2.06,0.998453282867425,0.995451770052656,0.927723120437098,0.888013373539671
2.07,0.998501118636827,0.995569296212996,0.928639060935914,0.889197269269314
2.08,0.998547474975513,0.995683785499975,0.929543394029949,0.890368649137528
2.09,0.998592397638267,0.995795316386333,0.930436266815926,0.891527645458996
2.1,0.998635930964799,0.995903965317077,0.931317824526462,0.892674389149601
2.11,0.998678117923515,0.996009806761876,0.932188210553687,0.893809009741214
2.12,0.998719000153921,0.996112913266102,0.933047566472574,0.894931635396327
2.13,0.99875861800773,0.996213355500561,0.933896032063962,0.89604239292253
2.14,0.998797010588682,0.996311202309922,0.934733745337297,0.897141407786833
2.15,0.998834215791146,0.996406520759913,0.935560842553075,0.898228804129837
2.16,0.998870270337523,0.996499376183284,0.936377458245011,0.89930470477976
2.17,0.998905209814485,0.996589832224587,0.937183725241918,0.90036923126631
2.18,0.998939068708109,0.996677950883801,0.937979774689315,0.901422503834412
2.19,0.998971880437908,0.996763792558828,0.93876573607076,0.902464641457789
2.2,0.999003677389823,0.996847416086887,0.939541737228906,0.903495761852403
2.21,0.999034490948183,0.996928878784848,0.940307904386301,0.904515981489754
2.22,0.999064351526685,0.997008236488511,0.941064362165917,0.905525415610028
2.23,0.999093288598415,0.997085543590883,0.941811233611423,0.906524178235124
2.24,0.999121330724934,0.997160853079454,0.942548640207194,0.907512382181526
2.25,0.999148505584472,0.997234216572522,0.943276701898077,0.90849013907305
2.26,0.999174839999247,0.997305684354566,0.943995537108896,0.909457559353454
2.27,0.999200359961937,0.997375305410717,0.94470526276372,0.910414752298907
2.28,0.999225090661339,0.99744312746033,0.945405994304876,0.91136182603034
2.29,0.999249056507227,0.997509196989695,0.946097845711732,0.912298887525654
2.3,0.999272281154448,0.997573559283896,0.946780929519232,0.913226042631805
2.31,0.999294787526267,0.997636258457851,0.947455356836204,0.914143396076762
2.32,0.999316597836997,0.99769733748655,0.948121237363429,0.915051051481333
2.33,0.999337733613921,0.99775683823451,0.94877867941149,0.915949111370873
2.34,0.999358215718541,0.997814801484471,0.949427789918385,0.916837677186864
2.35,0.999378064367171,0.997871266965347,0.950068674466922,0.917716849298371
2.36,0.999397299150887,0.997926273379457,0.950701437301896,0.918586727013383
2.37,0.999415939054868,0.997979858429054,0.951326181347042,0.919447408590029
2.38,0.999434002477131,0.998032058842165,0.951943008221775,0.920298991247676
2.39,0.999451507246695,0.998082910397766,0.952552018257725,0.921141571177911
2.4,0.999468470641173,0.998132447950305,0.953153310515051,0.921975243555406
2.41,0.99948490940383,0.998180705453593,0.953746982798556,0.922800102548671
2.42,0.999500839760105,0.998227715984072,0.954333131673596,0.923616241330688
2.43,0.999516277433632,0.998273511763493,0.954911852481788,0.924423752089437
2.44,0.999531237661751,0.998318124180995,0.955483239356516,0.925222726038308
2.45,0.999545735210556,0.998361583814625,0.956047385238243,0.926013253426407
2.46,0.999559784389464,0.998403920452291,0.956604381889628,0.926795423548745
2.47,0.99957339906534,0.998445163112186,0.957154319910456,0.927569324756329
2.48,0.999586592676187,0.998485340062668,0.957697288752369,0.928335044466143
2.49,0.999599378244404,0.998524478841647,0.958233376733418,0.929092669171015
2.5,0.999611768389644,0.998562606275451,0.958762671052431,0.929842284449394
2.51,0.999623775341269,0.998599748497216,0.959285257803194,0.930583974975015
2.52,0.999635410950418,0.998635930964799,0.959801221988456,0.931317824526462
2.53,0.999646686701707,0.998671178478228,0.960310647533753,0.93204391599663
2.54,0.999657613724566,0.998705515196696,0.960813617301062,0.932762331402092
2.55,0.99966820280422,0.998738964655125,0.96131021310228,0.933473151892363
2.56,0.999678464392335,0.998771549780295,0.961800515712527,0.934176457759061
2.57,0.999688408617338,0.998803292906558,0.962284604883287,0.934872328444983
2.58,0.999698045294411,0.998834215791146,0.962762559355383,0.935560842553075
2.59,0.999707383935176,0.998864339629087,0.96323445687178,0.936242077855312
2.6,0.999716433757089,0.998893685067728,0.963700374190233,0.936916111301482
2.61,0.999725203692535,0.998922272220889,0.964160387095772,0.937583019027879
2.62,0.999733702397644,0.99895012068265,0.96461457041303,0.938242876365901
2.63,0.999741938260835,0.998977249540781,0.965062998018409,0.93889575785056
2.64,0.999749919411096,0.999003677389823,0.965505742852105,0.939541737228906
2.65,0.999757653726008,0.999029422343836,0.965942876929965,0.940180887468347
2.66,0.999765148839519,0.999054502048811,0.966374471355204,0.940813280764902
2.67,0.99977241214948,0.99907893369477,0.966800596329969,0.941438988551348
2.68,0.999779450824948,0.999102734027542,0.967221321166761,0.942058081505293
2.69,0.999786271813257,0.999125919360247,0.967636714299705,0.942670629557158
2.7,0.999792881846883,0.999148505584472,0.968046843295684,0.943276701898077
2.71,0.999799287450081,0.999170508181167,0.96845177486533,0.943876366987711
2.72,0.999805494945332,0.999191942231254,0.968851574873872,0.944469692561983
2.73,0.999811510459576,0.999212822425966,0.969246308351851,0.945056745640726
2.74,0.999817339930266,0.999233163076912,0.9696360395057,0.945637592535259
2.75,0.999822989111225,0.999252978125891,0.970020831728183,0.94621229885587
2.76,0.999828463578327,0.999272281154448,0.970400747608711,0.946780929519232
2.77,0.999833768734996,0.999291085393177,0.97077584894352,0.947343548755736
2.78,0.999838909817546,0.999309403730797,0.971146196745722,0.947900220116743
2.79,0.999843891900345,0.999327248722981,0.971511851255232,0.948451006481765
2.8,0.999848719900824,0.999344632600966,0.971872871948563,0.948995970065567
2.81,0.999853398584331,0.999361567279932,0.972229317548505,0.949535172425193
2.82,0.999857932568837,0.999378064367171,0.97258124603367,0.950068674466922
2.83,0.999862326329489,0.999394135170044,0.972928714647931,0.950596536453148
2.84,0.999866584203031,0.999409790703729,0.973271779909726,0.951118818009182
2.85,0.999870710392082,0.999425041698774,0.973610497621254,0.951635578129993
2.86,0.999874708969288,0.999439898608446,0.973944922877553,0.952146875186868
2.87,0.999878583881337,0.999454371615905,0.974275110075459,0.952652766934009
2.88,0.999882338952857,0.999468470641173,0.974601112922454,0.953153310515051
2.89,0.999885977890191,0.999482205347943,0.974922984445407,0.953648562469522
2.9,0.999889504285055,0.999495585150197,0.975240776999192,0.954138578739229
2.91,0.999892921618081,0.99950861921866,0.975554542275208,0.954623414674574
2.92,0.999896233262258,0.999521316487084,0.975864331309788,0.955103125040808
2.93,0.999899442486255,0.999533685658375,0.976170194492496,0.955577764024217
2.94,0.999902552457651,0.999545735210556,0.97647218157433,0.956047385238243
2.95,0.999905566246059,0.999557473402578,0.976770341675806,0.956512041729538
2.96,0.999908486826158,0.99956890827998,0.977064723294955,0.956971785983961
2.97,0.99991131708063,0.999580047680404,0.977355374315209,0.957426669932499
2.98,0.999914059803001,0.999590899238971,0.977642342013187,0.95787674495714
2.99,0.999916717700401,0.999601470393506,0.977925673066391,0.958322061896673
3,0.999919293396238,0.999611768389644,0.97820541356079,0.958762671052431
3.01,0.999921789432783,0.999621800285792,0.978481608998326,0.959198622193974
3.02,0.999924208273681,0.999631572957967,0.978754304304308,0.95962996456471
3.03,0.999926552306385,0.999641093104511,0.97902354383472,0.960056746887458
3.04,0.99992882384451,0.999650367250681,0.979289371383441,0.960479017369949
3.05,0.999931025130116,0.999659401753121,0.979551830189363,0.960896823710277
3.06,0.999933158335924,0.99966820280422,0.979810962943427,0.96131021310228
3.07,0.999935225567457,0.999676776436354,0.980066811795564,0.961719232240875
3.08,0.999937228865121,0.999685128526026,0.980319418361555,0.962123927327333
3.09,0.999939170206217,0.999693264797886,0.980568823729799,0.962524344074495
3.1,0.999941051506893,0.999701190828664,0.980815068467994,0.962920527711936
3.11,0.999942874624038,0.999708912050983,0.981058192629737,0.963312522991076
3.12,0.999944641357111,0.999716433757089,0.981298235761042,0.963700374190233
3.13,0.999946353449917,0.999723761102478,0.981535236906766,0.964084125119627
3.14,0.999948012592332,0.999730899109425,0.981769234616966,0.964463819126325
3.15,0.999949620421968,0.999737852670432,0.982000266953167,0.964839499099139
3.16,0.999951178525791,0.999744626551578,0.982228371494553,0.965211207473473
3.17,0.999952688441685,0.999751225395786,0.982453585344078,0.965578986236111
3.18,0.999954151659973,0.999757653726008,0.982675945134506,0.965942876929965
3.19,0.999955569624884,0.999763915948319,0.982895487034363,0.966302920658766
3.2,0.999956943735982,0.999770016354946,0.983112246753827,0.966659158091703
3.21,0.999958275349549,0.999775959127202,0.983326259550529,0.967011629468023
3.22,0.999959565779916,0.999781748338355,0.983537560235295,0.967360374601573
3.23,0.999960816300769,0.999787387956422,0.983746183177805,0.967705432885297
3.24,0.9999620281464,0.999792881846883,0.983952162312181,0.968046843295684
3.25,0.999963202512931,0.999798233775337,0.984155531142512,0.968384644397178
3.26,0.999964340559487,0.99980344741008,0.984356322748301,0.968718874346525
3.27,0.999965443409347,0.999808526324617,0.984554569789843,0.969049570897088
3.28,0.99996651215105,0.999813474000116,0.984750304513542,0.96937677140311
3.29,0.999967547839468,0.999818293827791,0.984943558757156,0.969700512823936
3.3,0.99996855149685,0.999822989111225,0.985134363954969,0.970020831728183
3.31,0.999969524113829,0.999827563068641,0.985322751142914,0.970337764297876
3.32,0.9999704666504,0.999832018835099,0.985508750963614,0.970651346332529
3.33,0.99997138003687,0.999836359464652,0.985692393671367,0.970961613253196
3.34,0.999972265174771,0.999840587932433,0.98587370913707,0.971268600106465
3.35,0.999973122937756,0.999844707136702,0.986052726853076,0.971572341568421
3.36,0.999973954172456,0.999848719900824,0.986229475937992,0.971872871948563
3.37,0.999974759699319,0.99985262897521,0.986403985141413,0.972170225193676
3.38,0.99997554031342,0.999856437039202,0.986576282848602,0.972464434891669
3.39,0.999976296785241,0.999860146702905,0.986746397085105,0.972755534275368
3.4,0.999977029861439,0.999863760508981,0.986914355521307,0.973043556226267
3.41,0.999977740265577,0.999867280934389,0.987080185476939,0.97332853327825
3.42,0.999978428698841,0.999870710392082,0.987243913925517,0.973610497621254
3.43,0.999979095840729,0.999874051232666,0.98740556749873,0.973889481104918
3.44,0.999979742349726,0.999877305746003,0.987565172490772,0.974165515242169
3.45,0.999980368863952,0.999880476162788,0.987722754862623,0.974438631212791
3.46,0.999980976001791,0.999883564656074,0.987878340246265,0.974708859866939
3.47,0.999981564362501,0.999886573342763,0.988031953948855,0.974976231728631
3.48,0.99998213452681,0.999889504285055,0.988183620956842,0.975240776999192
3.49,0.999982687057481,0.999892359491863,0.988333365940029,0.975502525560662
3.5,0.999983222499876,0.999895140920191,0.988481213255589,0.975761506979181
3.51,0.999983741382489,0.999897850476473,0.988627186952022,0.976017750508318
3.52,0.999984244217469,0.999900490017882,0.988771310773071,0.976271285092382
3.53,0.999984731501125,0.999903061353599,0.988913608161582,0.976522139369692
3.54,0.999985203714419,0.999905566246059,0.989054102263319,0.976770341675806
3.55,0.999985661323435,0.999908006412153,0.989192815930726,0.977015920046727
3.56,0.999986104779844,0.99991038352441,0.989329771726647,0.977258902222069
3.57,0.999986534521348,0.999912699212139,0.989464991927993,0.977499315648186
3.58,0.999986950972112,0.999914955062549,0.989598498529369,0.977737187481281
3.59,0.999987354543183,0.999917152621835,0.989730313246649,0.977972544590463
3.6,0.999987745632894,0.999919293396238,0.989860457520509,0.97820541356079
3.61,0.99998812462726,0.999921378853078,0.989988952519914,0.97843582069627
3.62,0.999988491900357,0.99992341042176,0.990115819145563,0.978663792022828
3.63,0.999988847814693,0.999925389494753,0.990241078033286,0.978889353291252
3.64,0.999989192721563,0.999927317428543,0.990364749557405,0.979112529980099
3.65,0.999989526961398,0.999929195544568,0.990486853834042,0.97933334729857
3.66,0.9999898508641,0.999931025130116,0.990607410724396,0.979551830189363
3.67,0.99999016474937,0.999932807439215,0.99072643983797,0.979768003331488
3.68,0.999990468927019,0.999934543693486,0.990843960535764,0.979981891143052
3.69,0.999990763697278,0.999936235082985,0.990959991933422,0.980193517784021
3.7,0.999991049351091,0.999937882767018,0.991074552904342,0.980402907158948
3.71,0.999991326170406,0.999939487874932,0.991187662082746,0.980610082919673
3.72,0.99999159442845,0.999941051506893,0.99129933786671,0.980815068467994
3.73,0.99999185439,0.99994257473464,0.991409598421158,0.981017886958309
3.74,0.999992106311643,0.999944058602215,0.991518461680817,0.981218561300238
3.75,0.999992350442032,0.999945504126685,0.99162594535313,0.9814171141612
3.76,0.99999258702213,0.999946912298836,0.991732066921144,0.981613567968984
3.77,0.999992816285447,0.999948284083849,0.991836843646346,0.981807944914276
3.78,0.999993038458271,0.999949620421968,0.991940292571476,0.982000266953167
3.79,0.999993253759891,0.99995092222914,0.992042430523294,0.982190555809635
3.8,0.999993462402816,0.999952190397644,0.992143274115324,0.982378832977997
3.81,0.99999366459298,0.999953425796702,0.992242839750551,0.982565119725335
3.82,0.999993860529951,0.999954629273076,0.992341143624089,0.982749437093903
3.83,0.999994050407122,0.999955801651647,0.992438201725818,0.982931805903501
3.84,0.999994234411907,0.999956943735982,0.992534029842985,0.983112246753827
3.85,0.999994412725922,0.999958056308884,0.992628643562768,0.983290780026802
3.86,0.999994585525168,0.999959140132926,0.992722058274816,0.983467425888877
3.87,0.999994752980202,0.999960195950979,0.992814289173748,0.983642204293306
3.88,0.999994915256305,0.999961224486718,0.99290535126163,0.983815134982404
3.89,0.999995072513648,0.999962226445116,0.992995259350408,0.983986237489773
3.9,0.999995224907448,0.999963202512931,0.993084028064324,0.984155531142512
3.91,0.99999537258812,0.999964153359176,0.993171671842291,0.984323035063398
3.92,0.99999551570143,0.999965079635575,0.993258204940242,0.984488768173045
3.93,0.999995654388632,0.999965981977012,0.993343641433451,0.984652749192046
3.94,0.999995788786615,0.999966861001967,0.99342799521882,0.984814996643082
3.95,0.999995919028033,0.999967717312937,0.993511280017138,0.984975528853018
3.96,0.999996045241437,0.99996855149685,0.993593509375319,0.985134363954969
3.97,0.999996167551402,0.999969364125469,0.993674696668599,0.985291519890356
3.98,0.999996286078652,0.999970155755784,0.993754855102715,0.985447014410923
3.99,0.999996400940175,0.999970926930388,0.993833997716051,0.985600865080749
4,0.999996512249342,0.999971678177858,0.993912137381762,0.985753089278229
4.01,0.999996620116018,0.99997241001311,0.993989286809864,0.985903704198039
4.02,0.99999672464667,0.999973122937756,0.994065458549304,0.986052726853076
4.03,0.999996825944473,0.999973817440444,0.994140664990001,0.98620017407638
4.04,0.999996924109409,0.999974493997199,0.994214918364859,0.986346062523039
4.05,0.999997019238369,0.999975153071742,0.994288230751761,0.986490408672063
4.06,0.999997111425249,0.999975795115814,0.994360614075529,0.986633228828254
4.07,0.999997200761038,0.999976420569481,0.994432080109867,0.986774539124042
4.08,0.999997287333913,0.999977029861439,0.994502640479274,0.986914355521307
4.09,0.999997371229324,0.999977623409307,0.994572306660936,0.987052693813188
4.1,0.999997452530077,0.999978201619911,0.994641089986592,0.987189569625858
4.11,0.999997531316419,0.999978764889566,0.994709001644379,0.987324998420297
4.12,0.999997607666112,0.999979313604346,0.99477605268065,0.987458995494035
4.13,0.999997681654516,0.999979848140348,0.994842254001769,0.987591575982878
4.14,0.999997753354659,0.999980368863952,0.994907616375892,0.987722754862623
4.15,0.999997822837311,0.999980876132069,0.994972150434709,0.987852546950744
4.16,0.999997890171053,0.99998137029239,0.995035866675181,0.98798096690807
4.17,0.999997955422345,0.999981851683619,0.995098775461244,0.988108029240437
4.18,0.999998018655591,0.999982320635709,0.995160887025495,0.988233748300331
4.19,0.999998079933204,0.999982777470088,0.995222211470857,0.988358138288506
4.2,0.999998139315667,0.999983222499876,0.995282758772222,0.988481213255589
4.21,0.999998196861591,0.999983656030105,0.995342538778074,0.988602987103667
4.22,0.999998252627776,0.999984078357922,0.995401561212089,0.988723473587858
4.23,0.999998306669263,0.999984489772798,0.99545983567472,0.988842686317865
4.24,0.999998359039394,0.999984890556723,0.995517371644756,0.98896063875951
4.25,0.999998409789859,0.9999852809844,0.995574178480863,0.989077344236259
4.26,0.999998458970749,0.999985661323435,0.995630265423111,0.989192815930726
4.27,0.999998506630608,0.999986031834517,0.995685641594471,0.989307066886162
4.28,0.999998552816476,0.999986392771602,0.995740316002303,0.989420110007925
4.29,0.999998597573941,0.99998674438208,0.995794297539819,0.989531958064944
4.3,0.999998640947178,0.999987086906951,0.99584759498753,0.989642623691157
4.31,0.999998682978999,0.999987420580987,0.995900217014677,0.989752119386937
4.32,0.99999872371089,0.999987745632894,0.995952172180635,0.989860457520509
4.33,0.999998763183053,0.999988062285466,0.996003468936311,0.989967650329342
4.34,0.99999880143445,0.999988370755744,0.996054115625517,0.990073709921534
4.35,0.999998838502834,0.999988671255156,0.996104120486326,0.99017864827718
4.36,0.999998874424794,0.99998896398967,0.996153491652412,0.990282477249723
4.37,0.999998909235785,0.99998924915993,0.996202237154375,0.990385208567296
4.38,0.999998942970166,0.999989526961398,0.996250364921044,0.990486853834042
4.39,0.999998975661234,0.999989797584481,0.996297882780771,0.990587424531431
4.4,0.999999007341256,0.999990061214671,0.996344798462701,0.990686932019552
4.41,0.999999038041501,0.999990318032662,0.99639111959803,0.990785387538398
4.42,0.999999067792271,0.999990568214482,0.996436853721245,0.990882802209135
4.43,0.99999909662293,0.999990811931609,0.996482008271354,0.99097918703536
4.44,0.999999124561934,0.999991049351091,0.99652659059309,0.991074552904342
4.45,0.999999151636861,0.999991280635659,0.996570607938111,0.991168910588252
4.46,0.999999177874434,0.999991505943839,0.996614067466176,0.991262270745381
4.47,0.99999920330055,0.999991725430061,0.99665697624631,0.991354643921342
4.48,0.999999227940305,0.999991939244764,0.996699341257958,0.991446040550264
4.49,0.999999251818019,0.999992147534499,0.996741169392112,0.991536470955967
4.5,0.99999927495726,0.999992350442032,0.99678246745244,0.99162594535313
4.51,0.999999297380867,0.999992548106439,0.99682324215639,0.991714473848448
4.52,0.999999319110973,0.999992740663203,0.996863500136279,0.991802066441767
4.53,0.999999340169026,0.999992928244304,0.996903247940377,0.991888733027218
4.54,0.99999936057581,0.999993110978313,0.996942492033971,0.991974483394334
4.55,0.999999380351467,0.99999328899048,0.996981238800412,0.992059327229155
4.56,0.999999399515517,0.999993462402816,0.997019494542161,0.992143274115324
4.57,0.999999418086875,0.999993631334181,0.997057265481807,0.992226333535166
4.58,0.999999436083871,0.999993795900364,0.997094557763084,0.992308514870762
4.59,0.999999453524268,0.99999395621416,0.997131377451867,0.992389827405008
4.6,0.999999470425282,0.999994112385451,0.997167730537163,0.992470280322663
4.61,0.999999486803593,0.99999426452128,0.997203622932079,0.992549882711387
4.62,0.999999502675367,0.999994412725922,0.997239060474789,0.992628643562768
4.63,0.99999951805627,0.999994557100959,0.997274048929482,0.992706571773337
4.64,0.999999532961484,0.999994697745349,0.997308593987298,0.992783676145573
4.65,0.999999547405719,0.999994834755491,0.997342701267257,0.992859965388896
4.66,0.999999561403234,0.999994968225294,0.997376376317169,0.992935448120654
4.67,0.999999574967843,0.99999509824624,0.99740962461454,0.993010132867094
4.68,0.999999588112936,0.999995224907448,0.997442451567461,0.993084028064324
4.69,0.999999600851487,0.999995348295733,0.997474862515488,0.993157142059269
4.7,0.999999613196069,0.999995468495667,0.99750686273051,0.993229483110613
4.71,0.999999625158866,0.999995585589638,0.997538457417608,0.993301059389729
4.72,0.999999636751686,0.999995699657903,0.997569651715901,0.993371878981607
4.73,0.999999647985972,0.999995810778647,0.997600450699381,0.993441949885761
4.74,0.999999658872812,0.999995919028033,0.997630859377739,0.993511280017138
4.75,0.999999669422952,0.999996024480258,0.99766088269718,0.993579877207012
4.76,0.999999679646804,0.999996127207599,0.997690525541228,0.993647749203862
4.77,0.99999968955446,0.999996227280469,0.997719792731518,0.993714903674256
4.78,0.9999996991557,0.999996324767457,0.997748689028585,0.993781348203711
4.79,0.999999708459999,0.999996419735384,0.997777219132632,0.993847090297553
4.8,0.999999717476541,0.999996512249342,0.997805387684301,0.993912137381762
4.81,0.999999726214226,0.999996602372741,0.997833199265422,0.993976496803812
4.82,0.999999734681678,0.999996690167353,0.997860658399763,0.994040175833504
4.83,0.999999742887254,0.999996775693355,0.997887769553763,0.994103181663782
4.84,0.999999750839055,0.999996859009367,0.997914537137259,0.994165521411548
4.85,0.999999758544928,0.999996940172495,0.997940965504204,0.994227202118467
4.86,0.999999766012479,0.999997019238369,0.997967058953376,0.994288230751761
4.87,0.999999773249079,0.999997096261183,0.997992821729074,0.994348614204995
4.88,0.99999978026187,0.999997171293729,0.998018258021811,0.994408359298858
4.89,0.999999787057775,0.999997244387436,0.998043371968996,0.994467472781932
4.9,0.999999793643501,0.999997315592403,0.998068167655605,0.994525961331455
4.91,0.999999800025548,0.999997384957436,0.998092649114847,0.994583831554074
4.92,0.999999806210216,0.999997452530077,0.998116820328819,0.994641089986592
4.93,0.999999812203609,0.999997518356643,0.998140685229155,0.994697743096709
4.94,0.999999818011643,0.999997582482252,0.998164247697664,0.994753797283746
4.95,0.999999823640049,0.999997644950857,0.998187511566964,0.994809258879375
4.96,0.999999829094385,0.999997705805274,0.9982104806211,0.99486413414833
4.97,0.999999834380032,0.999997765087215,0.998233158596165,0.994918429289116
4.98,0.999999839502209,0.999997822837311,0.998255549180907,0.994972150434709
4.99,0.999999844465971,0.999997879095147,0.998277656017327,0.995025303653247
5,0.999999849276217,0.999997933899281,0.99829948270127,0.99507789494872
